"Series Description","Bank credit, all commercial banks, seasonally adjusted","Securities in bank credit, all commercial banks, seasonally adjusted","Loans and leases in bank credit, all commercial banks, seasonally adjusted","Commercial and industrial loans, all commercial banks, seasonally adjusted","Real estate loans, all commercial banks, seasonally adjusted","Consumer loans, all commercial banks, seasonally adjusted","Cash assets, all commercial banks, seasonally adjusted","Deposits, all commercial banks, seasonally adjusted","Large time deposits, all commercial banks, seasonally adjusted","Other deposits, all commercial banks, seasonally adjusted","Total assets, all commercial banks, seasonally adjusted","Total liabilities, all commercial banks, seasonally adjusted","Borrowings, all commercial banks, seasonally adjusted","Other liabilities, all commercial banks, seasonally adjusted"
"Unit:","Currency","Currency","Currency","Currency","Currency","Currency","Currency","Currency","Currency","Currency","Currency","Currency","Currency","Currency"
"Multiplier:","1000000","1000000","1000000","1000000","1000000","1000000","1000000","1000000","1000000","1000000","1000000","1000000","1000000","1000000"
"Currency:","USD","USD","USD","USD","USD","USD","USD","USD","USD","USD","USD","USD","USD","USD"
"Unique Identifier: ","H8/H8/B1001NCBA","H8/H8/B1002NCBA","H8/H8/B1020NCBA","H8/H8/B1023NCBA","H8/H8/B1026NCBA","H8/H8/B1029NCBA","H8/H8/B1048NCBA","H8/H8/B1058NCBA","H8/H8/B1072NCBA","H8/H8/B1110NCBA","H8/H8/B1151NCBA","H8/H8/B1152NCBA","H8/H8/B3094NCBA","H8/H8/B3095NCBA"
"Time Period","B1001NCBA","B1002NCBA","B1020NCBA","B1023NCBA","B1026NCBA","B1029NCBA","B1048NCBA","B1058NCBA","B1072NCBA","B1110NCBA","B1151NCBA","B1152NCBA","B3094NCBA","B3095NCBA"
2020-09-09,14977352.1,4450997.7,10526354.4,2786499.6,4676742.2,1511555.5,2895309.2,15652424.5,1588774.0,14063650.6,20106646.5,18076552.3,1791467.4,652582.6
2020-09-16,14965433.0,4453444.2,10511988.8,2766244.4,4679305.2,1511790.5,2946171.4,15730509.0,1585926.2,14144582.7,20201497.8,18166174.1,1755752.8,670809.9
2020-09-23,14970045.9,4466637.6,10503408.2,2753138.2,4679996.2,1510937.3,2976551.6,15714807.4,1585872.5,14128934.9,20200780.8,18162077.2,1779510.9,666271.4
2020-09-30,14969932.3,4481423.9,10488508.3,2725210.4,4685329.8,1514614.0,2905447.0,15681266.1,1560259.0,14121007.1,20077862.7,18031812.2,1709947.1,624314.0
2020-10-07,14971912.7,4501711.9,10470200.7,2714843.5,4684223.0,1513733.1,2936318.2,15691198.6,1555632.8,14135565.8,20154125.8,18102973.4,1764617.9,662296.1
2020-10-14,14966741.6,4520135.0,10446606.7,2702940.0,4670007.4,1514881.6,2987403.4,15794182.3,1553038.0,14241144.3,20203814.9,18134728.5,1728349.1,648984.2
2020-10-21,14978224.0,4531112.6,10447111.4,2704019.5,4671691.1,1516184.5,3039665.6,15794231.7,1545911.3,14248320.4,20219843.3,18148548.7,1753237.3,648869.7
2020-10-28,14981906.6,4560327.0,10421579.6,2688792.3,4664694.3,1515564.2,3035585.4,15829915.9,1535176.1,14294739.8,20228413.1,18158652.7,1744923.3,649684.8
2020-11-04,15016567.4,4609709.6,10406857.8,2661244.7,4665949.7,1517000.5,3048692.9,15880488.9,1520656.5,14359832.4,20262316.9,18199863.1,1726508.3,649188.0
2020-11-11,15024999.9,4604926.7,10420073.1,2653427.0,4668976.2,1516564.4,3003792.8,15878189.8,1524935.7,14353254.2,20227343.8,18159606.5,1708081.0,641483.0
2020-11-18,15027998.6,4644479.3,10383519.3,2637178.5,4655290.3,1514567.4,3043778.3,15901644.5,1517629.3,14384015.2,20258964.4,18191938.6,1728972.9,642874.2
2020-11-25,15024221.8,4661687.4,10362534.5,2625184.1,4646480.3,1515459.3,3120415.1,15979960.2,1516411.2,14463548.9,20364184.0,18298865.6,1733276.4,667967.0
2020-12-02,15036777.6,4688254.8,10348522.8,2616857.1,4640997.1,1514111.0,3068728.4,15970471.7,1510783.7,14459688.1,20315381.1,18224553.7,1715291.3,669932.5
2020-12-09,15023718.0,4683745.5,10339972.5,2604608.5,4640237.7,1518006.3,3048996.1,15999426.0,1509726.4,14489699.6,20334404.7,18237683.1,1730983.4,665649.3
2020-12-16,15041142.8,4699920.4,10341222.4,2592141.2,4640294.9,1519067.5,3092656.8,16031360.9,1501022.4,14530338.5,20406531.5,18287136.6,1713274.3,680666.6
2020-12-23,15043489.2,4703247.6,10340241.6,2582435.8,4643504.7,1521119.0,3171018.2,16020494.8,1492122.7,14528372.2,20457656.9,18323044.1,1690000.8,683360.2
2020-12-30,15062773.7,4719739.0,10343034.7,2579673.9,4643326.4,1519252.3,3244983.8,16073702.9,1485206.4,14588496.6,20537602.0,18386155.7,1681775.3,673405.6
2021-01-06,15082061.3,4741879.6,10340181.7,2572713.0,4656751.8,1520404.9,3151908.6,16123579.7,1471823.3,14651756.4,20520199.8,18387079.0,1653896.0,709148.0
2021-01-13,15071914.6,4745540.1,10326374.6,2561122.2,4664664.4,1516249.6,3141160.5,16155282.5,1473030.3,14682252.2,20490417.2,18399270.3,1643153.7,723535.0
2021-01-20,15083959.9,4763927.3,10320032.7,2554925.6,4654689.2,1518674.9,3201103.5,16164592.5,1471661.1,14692931.5,20517379.9,18418942.8,1654367.5,705630.0
2021-01-27,15126976.3,4798829.7,10328146.7,2556443.7,4652145.8,1516867.4,3270667.3,16258316.2,1481340.4,14776975.7,20569058.3,18483264.6,1662161.7,694823.8
2021-02-03,15170477.4,4823648.9,10346828.5,2568676.8,4652577.1,1518339.7,3253782.1,16287421.8,1467830.4,14819591.5,20599302.7,18502258.1,1683513.6,692350.3
2021-02-10,15190546.9,4827552.2,10362994.7,2575932.5,4659108.9,1520232.8,3297507.7,16336365.5,1457839.7,14878525.9,20684217.0,18590987.5,1690251.6,679679.0
2021-02-17,15222421.3,4846917.8,10375503.6,2591476.6,4646872.0,1521643.9,3419028.4,16430331.4,1453329.9,14977001.5,20766249.7,18676349.2,1713440.5,664975.2
2021-02-24,15249377.2,4869401.1,10379976.1,2596512.7,4644427.3,1521112.2,3379288.2,16404809.2,1458553.9,14946255.2,20743130.7,18660717.5,1709924.8,689351.7
2021-03-03,15298532.1,4914692.9,10383839.2,2594244.2,4648110.9,1524282.7,3470796.5,16471220.4,1455965.5,15015255.0,20795534.4,18719902.3,1716387.9,697122.8
2021-03-10,15322405.5,4933371.2,10389034.3,2595121.2,4650010.6,1526376.0,3481766.6,16527662.5,1452588.2,15075074.2,20849472.1,18796537.3,1721453.0,698333.3
2021-03-17,15335250.3,4977576.8,10357673.5,2583216.1,4639502.0,1526014.2,3643389.4,16712628.3,1462515.4,15250112.9,20996043.6,18975823.1,1719495.2,696367.3
2021-03-24,15368558.4,5002231.0,10366327.5,2589416.0,4641459.8,1521294.2,3631146.6,16726899.8,1458773.1,15268126.7,21033928.1,19016700.5,1740334.7,688739.7
2021-03-31,15375100.2,5008675.8,10366424.4,2576971.0,4641972.3,1524839.4,3552032.1,16727391.5,1445994.8,15281396.8,20980412.5,18909572.0,1648992.2,690169.7
2021-04-07,15373369.3,5016579.7,10356789.6,2567940.1,4650303.9,1524229.9,3705843.4,16779239.2,1442867.3,15336371.9,21169871.7,19096796.6,1750772.1,704816.6
2021-04-14,15405115.9,5063750.4,10341365.5,2555456.0,4644867.1,1521521.5,3789894.9,16877781.1,1440370.3,15437410.8,21258699.1,19175970.7,1739879.3,672380.6
2021-04-21,15417335.3,5087444.0,10329891.3,2549581.4,4634982.7,1523060.0,3819661.7,16889841.2,1433055.4,15456785.8,21314459.4,19205214.2,1732165.5,670490.7
2021-04-28,15453626.0,5110940.6,10342685.5,2551652.2,4635730.7,1529385.8,3936466.2,16968961.0,1424616.2,15544344.8,21448762.7,19336693.7,1719006.7,699617.8
2021-05-05,15506908.1,5153636.3,10353271.8,2552890.6,4634208.5,1532510.6,3946915.1,17059062.3,1416867.9,15642194.4,21489665.5,19363366.7,1695552.6,676919.0
2021-05-12,15537477.0,5164356.7,10373120.3,2556913.5,4641661.8,1539695.8,3918100.7,17116417.3,1420444.2,15695973.1,21505593.5,19413441.6,1686599.4,688716.0
2021-05-19,15563477.1,5189633.0,10373844.0,2548768.7,4634918.2,1547532.1,3813498.9,17097053.9,1424740.4,15672313.5,21429965.3,19343954.5,1666222.1,668513.3
2021-05-26,15574057.1,5206809.1,10367247.9,2540401.2,4633637.7,1552160.8,3792333.0,17066934.3,1439142.2,15627792.1,21430995.0,19365953.4,1692282.8,684779.5
2021-06-02,15589506.5,5233666.3,10355840.1,2523475.6,4631934.6,1553371.5,3784410.4,17080299.2,1433452.1,15646847.1,21421950.9,19350596.4,1673837.7,679658.4
2021-06-09,15606038.8,5239875.7,10366163.0,2513498.2,4643302.5,1556256.7,3781688.1,17173615.5,1448444.6,15725170.9,21485662.1,19432099.5,1680860.5,677035.5
2021-06-16,15578136.8,5250503.7,10327633.1,2469577.2,4646709.7,1557863.9,3812625.9,17120187.3,1430004.7,15690182.6,21456163.3,19383974.0,1669143.5,662841.7
2021-06-23,15576737.1,5254362.6,10322374.5,2456378.7,4651183.1,1562055.4,3804452.5,17098291.1,1425062.6,15673228.5,21466673.4,19402836.4,1642309.9,709325.9
2021-06-30,15624459.6,5272948.4,10351511.2,2452216.8,4656074.9,1569037.1,3610217.5,17052291.5,1414522.6,15637768.8,21283768.2,19127401.2,1513164.5,659799.2
2021-07-07,15642238.6,5286221.4,10356017.2,2453229.5,4655526.0,1570540.4,3856461.4,17132026.0,1424055.5,15707970.5,21520977.1,19329215.8,1638153.3,676397.8
2021-07-14,15655572.1,5293874.5,10361697.6,2452414.8,4654600.6,1571645.9,3927454.1,17203305.2,1415326.3,15787978.9,21646851.0,19456402.3,1663718.4,669010.1
2021-07-21,15656163.4,5282199.4,10373964.0,2448218.2,4663285.3,1575704.4,3999611.4,17262636.4,1404281.2,15858355.2,21730382.6,19542349.8,1651749.4,665798.3
2021-07-28,15691190.3,5298444.4,10392745.9,2449069.4,4675116.3,1577660.1,4002597.1,17248899.0,1402771.7,15846127.3,21749484.3,19558646.9,1665037.4,664052.8
2021-08-04,15719430.0,5317773.6,10401656.3,2443657.9,4681214.2,1582302.9,4009356.7,17272119.5,1402538.2,15869581.4,21820355.4,19610487.0,1684702.8,675684.0
2021-08-11,15721939.5,5312458.3,10409481.3,2434004.4,4690131.4,1585614.5,4017451.7,17326278.1,1413446.3,15912831.8,21810613.6,19634824.0,1673358.5,675845.2
2021-08-18,15752543.5,5341983.9,10410559.7,2423357.6,4687218.0,1588851.4,4096007.5,17392066.4,1416153.3,15975913.1,21943427.2,19751407.5,1682113.3,684163.0
2021-08-25,15773118.7,5350336.6,10422782.2,2421156.3,4695826.1,1589196.1,4097102.4,17447986.0,1408079.0,16039907.0,21959620.2,19780389.4,1649997.5,675450.2
2021-09-01,15833830.2,5391710.7,10442119.5,2424705.2,4699963.2,1591009.6,4133720.7,17495818.5,1410906.4,16084912.2,22062750.8,19862133.6,1681676.6,682964.8
2021-09-08,15834563.0,5387432.4,10447130.6,2422759.6,4703449.2,1593901.4,4111829.9,17475829.5,1409382.0,16066447.5,22062024.3,19894051.0,1687499.4,697328.6
2021-09-15,15864508.4,5411039.7,10453468.6,2418615.2,4704176.3,1593205.2,4195047.9,17556437.6,1414465.3,16141972.2,22175049.0,19963928.8,1689008.2,679837.6
2021-09-22,15871128.2,5428436.6,10442691.6,2409635.2,4710372.9,1595339.5,4190253.9,17523319.2,1405412.6,16117906.6,22175313.8,19961864.8,1663319.8,677479.7
2021-09-29,15940343.6,5473880.6,10466463.0,2415350.0,4715158.1,1605063.2,4191587.5,17535002.8,1400696.5,16134306.3,22204966.6,19966142.3,1677272.8,684722.1
2021-10-06,15982503.5,5509139.0,10473364.5,2414537.3,4718999.4,1606215.1,4180526.4,17589514.4,1411064.3,16178450.0,22288846.7,20062029.9,1714727.3,691332.7
2021-10-13,16029091.4,5529838.0,10499253.5,2416141.4,4729272.8,1611725.2,4174811.8,17610385.0,1404986.0,16205399.0,22326755.6,20099208.5,1713623.4,665112.8
2021-10-20,16073998.0,5566015.5,10507982.5,2421439.6,4730049.8,1613664.5,4121105.1,17670705.3,1416061.6,16254643.7,22361436.5,20127445.0,1689927.9,702393.4
2021-10-27,16089785.9,5572221.6,10517564.3,2423856.2,4733364.6,1617427.0,4132693.1,17708419.2,1419438.3,16288980.9,22375130.3,20171449.9,1683074.0,707672.8
2021-11-03,16164544.9,5611193.4,10553351.5,2436570.9,4745092.9,1620437.0,4164060.8,17735728.6,1435865.0,16299863.7,22465233.6,20240469.5,1721733.0,686820.8
2021-11-10,16173864.8,5613851.6,10560013.2,2436659.2,4745673.7,1625242.3,4119161.3,17766291.8,1448441.5,16317850.2,22474620.7,20277627.4,1729362.1,681626.2
2021-11-17,16209193.2,5626960.8,10582232.4,2432348.9,4766312.4,1629957.6,4099352.8,17807117.7,1438272.7,16368845.0,22505925.2,20313796.0,1724298.9,711931.7
2021-11-24,16247296.1,5647138.0,10600158.1,2430977.5,4771770.6,1635463.5,4080423.5,17851218.5,1435678.3,16415540.3,22520746.1,20351791.9,1699382.8,716500.0
2021-12-01,16289553.6,5657677.9,10631875.8,2446350.6,4774671.1,1640182.5,4182488.1,17887600.6,1424917.5,16462683.0,22641321.5,20427344.8,1741217.1,680259.9
2021-12-08,16302987.6,5646677.6,10656310.0,2454545.4,4780785.9,1643707.1,4091610.3,17880780.7,1421625.4,16459155.4,22591703.9,20403631.0,1713890.0,694060.9
2021-12-15,16376130.1,5683656.1,10692474.0,2470070.5,4784646.5,1646098.5,4071920.1,17914997.5,1413913.6,16501083.9,22562996.4,20354048.5,1680634.0,654597.9
2021-12-22,16437664.3,5709028.9,10728635.3,2482720.0,4789611.1,1650127.6,4050148.2,17933153.7,1403967.7,16529186.1,22616372.1,20385897.6,1656924.9,667005.4
2021-12-29,16478623.3,5716024.0,10762599.2,2487304.1,4803655.9,1652457.3,4041938.4,17897919.8,1391294.0,16506625.8,22624079.1,20342777.5,1674400.9,669801.1
2022-01-05,16553849.9,5781728.5,10772121.4,2493899.4,4803516.7,1654846.3,4004013.9,17961160.8,1395804.8,16565355.9,22717584.3,20449806.1,1677819.0,702794.5
2022-01-12,16567420.6,5780353.7,10787066.9,2486038.3,4815704.3,1657896.6,3816336.3,17959817.0,1409606.2,16550210.8,22547015.3,20342445.2,1639018.5,697142.4
2022-01-19,16569617.9,5783856.4,10785761.5,2488118.7,4811222.6,1662407.3,3800146.3,18017508.2,1406749.8,16610758.4,22577280.7,20375193.7,1649580.2,695730.1
2022-01-26,16576875.8,5784644.5,10792231.3,2485534.1,4820298.7,1663657.8,3845443.9,18008394.3,1397139.7,16611254.6,22599605.2,20411739.5,1642761.2,670207.6
2022-02-02,16605588.6,5804294.6,10801294.0,2487630.1,4824126.3,1666672.0,3791978.2,18006366.2,1402315.2,16604051.0,22573297.8,20374455.6,1636366.7,664764.6
2022-02-09,16626999.6,5808541.3,10818458.3,2487358.6,4835357.4,1669784.3,3760353.2,18038152.2,1414683.7,16623468.5,22569505.6,20384701.3,1625161.3,683211.5
2022-02-16,16642479.3,5813389.5,10829089.8,2494940.4,4836383.0,1672234.8,3751829.4,18027057.5,1412308.0,16614749.5,22544014.5,20353672.0,1620359.5,657908.8
2022-02-23,16693202.9,5837200.2,10856002.7,2502068.5,4841933.9,1678644.1,3700260.9,18079338.2,1403798.6,16675539.7,22529458.8,20355524.4,1609578.6,656425.8
2022-03-02,16740774.2,5840472.7,10900301.5,2523124.6,4850732.0,1683757.1,3781523.4,18090758.8,1393343.8,16697415.0,22690818.5,20510465.0,1664431.3,670715.9
2022-03-09,16775352.3,5842890.7,10932461.6,2529678.3,4862421.7,1690438.5,3743277.7,18072145.0,1399053.8,16673091.2,22715934.8,20545776.7,1648961.6,681263.4
2022-03-16,16786922.4,5837647.3,10949275.1,2538983.4,4863437.3,1694805.6,3636364.3,18087327.7,1394814.3,16692513.4,22620873.8,20508509.6,1630681.9,691291.7
2022-03-23,16835437.8,5859104.9,10976332.9,2541289.2,4875929.5,1703387.1,3559601.6,18077337.8,1420387.8,16656950.0,22597882.2,20505677.9,1609196.7,705077.1
2022-03-30,16858205.6,5854622.9,11003582.7,2548449.2,4887704.4,1715482.9,3628538.7,18104267.5,1423880.0,16680387.4,22649200.4,20525989.4,1615074.2,702224.4
2022-04-06,16860377.7,5838995.0,11021382.7,2549414.5,4900928.0,1714553.3,3629752.5,18135436.0,1447325.7,16688110.3,22706743.1,20582481.3,1604857.6,730402.6
2022-04-13,16904833.2,5849196.5,11055636.7,2560313.2,4910205.1,1721805.2,3629266.4,18184215.1,1449371.4,16734843.7,22773717.3,20644655.9,1603985.0,737853.7
2022-04-20,16919241.7,5825366.0,11093875.8,2565526.3,4927415.5,1727713.9,3398352.5,18084983.1,1448928.0,16636055.2,22564725.9,20454301.7,1601294.8,721071.5
2022-04-27,16941019.3,5830040.3,11110979.0,2571389.1,4933997.2,1732820.2,3407044.6,18109167.1,1453700.5,16655466.6,22616488.1,20503407.9,1602719.0,731153.0
2022-05-04,16948891.0,5807150.5,11141740.5,2584709.1,4947207.5,1734772.6,3435965.9,18119727.7,1451551.3,16668176.4,22632980.5,20536947.7,1593259.1,719533.0
2022-05-11,17000396.3,5813391.1,11187005.1,2595152.2,4960256.0,1739134.0,3329588.9,18070955.7,1447511.8,16623443.9,22623586.0,20542756.9,1609494.9,722397.5
2022-05-18,17021942.8,5812504.9,11209437.8,2605977.7,4971003.5,1741784.8,3305400.1,18079618.7,1451094.3,16628524.3,22627445.2,20544529.4,1610443.6,723790.3
2022-05-25,17069799.9,5818815.0,11250984.8,2620109.8,4983026.9,1746904.6,3314209.3,18130872.7,1454815.0,16676057.7,22666626.3,20603292.8,1606295.4,725847.1
2022-06-01,17086559.1,5801954.3,11284604.7,2633619.6,4994853.9,1750198.0,3331316.1,18101296.2,1460447.2,16640849.0,22673805.7,20577368.3,1603598.5,721218.2
2022-06-08,17118772.5,5798172.5,11320600.0,2648976.2,5009215.6,1755147.0,3196285.0,18035098.8,1475196.6,16559902.2,22574937.7,20508659.5,1586997.7,729950.4
2022-06-15,17117659.3,5767062.9,11350596.4,2661915.2,5016950.4,1756310.7,3166299.7,18013515.4,1471621.8,16541893.5,22543400.7,20484232.8,1600816.3,739262.8
2022-06-22,17165884.4,5769369.0,11396515.4,2675231.3,5028314.4,1766016.3,3181632.4,18054449.0,1467391.4,16587057.7,22615233.2,20558745.4,1659452.5,730665.3
2022-06-29,17181680.5,5771288.3,11410392.2,2677509.7,5041243.3,1772198.9,3253029.5,18000523.3,1463486.5,16537036.9,22654539.5,20549151.6,1653453.7,742932.9
2022-07-06,17209340.3,5776899.1,11432441.2,2688677.5,5046040.2,1774598.4,3319702.1,17992366.8,1478552.6,16513814.1,22809021.2,20673029.3,1693112.3,749045.2
2022-07-13,17232307.3,5772900.7,11459406.6,2690130.3,5059720.6,1775635.3,3356693.8,18016796.6,1495760.8,16521035.8,22848577.5,20709888.5,1668819.1,759637.8
2022-07-20,17251016.5,5757448.6,11493567.9,2698933.4,5076649.6,1779403.0,3321105.5,18023144.6,1505853.9,16517290.7,22831017.2,20702786.2,1671623.4,761761.8
2022-07-27,17281660.5,5770404.1,11511256.4,2703788.2,5083626.2,1780635.4,3368316.5,18073298.9,1493087.7,16580211.3,22869746.6,20713902.8,1667130.9,748751.4
2022-08-03,17297947.7,5768414.1,11529533.6,2712897.6,5097950.3,1783314.0,3414064.4,17989605.8,1516630.9,16472974.8,22938635.8,20743391.2,1684753.6,738369.6
2022-08-10,17323351.3,5758830.3,11564521.0,2719185.1,5111862.8,1785016.1,3385083.0,18028160.1,1524246.9,16503913.2,22954472.4,20789248.4,1675268.6,740691.9
2022-08-17,17329062.2,5744889.6,11584172.6,2725714.8,5120216.1,1786261.4,3378042.1,18025115.4,1535747.4,16489368.0,22932077.2,20775869.3,1667820.9,735507.6
2022-08-24,17329792.8,5724829.5,11604963.3,2730048.2,5132094.9,1790350.5,3329001.0,18051289.7,1548857.5,16502432.2,22959305.4,20825512.9,1670172.7,775446.9
2022-08-31,17320549.0,5697588.2,11622960.7,2723177.7,5147334.7,1796894.5,3304821.2,18012743.5,1575447.6,16437295.9,22893149.2,20749521.8,1659045.4,761926.6
2022-09-07,17324496.7,5692669.0,11631827.7,2732136.9,5150667.6,1797291.5,3324542.6,17943660.3,1566448.5,16377211.8,22874885.7,20713247.5,1701292.9,738384.4
2022-09-14,17342973.9,5677905.9,11665067.9,2746599.7,5159857.2,1800244.3,3272104.2,17962624.9,1576484.7,16386140.1,22864962.0,20724090.7,1719143.0,772245.1
2022-09-21,17359773.3,5657895.1,11701878.2,2755277.5,5172064.9,1803729.8,3202280.0,17944933.7,1553425.7,16391508.0,22820173.5,20696525.2,1740294.7,771284.6
2022-09-28,17347610.4,5637146.3,11710464.1,2752431.6,5181433.5,1808818.0,3231628.2,17871775.9,1571219.3,16300556.6,22857610.9,20712349.0,1780845.0,799538.5
2022-10-05,17352151.5,5604196.3,11747955.2,2766159.9,5190851.7,1816405.7,3208167.0,17805352.1,1522105.1,16283247.0,22801172.7,20671224.3,1752398.8,764315.7
2022-10-12,17355841.9,5581222.3,11774619.6,2772280.0,5200294.5,1820018.0,3177822.6,17793701.2,1529579.3,16264121.9,22770125.0,20644441.8,1758341.0,795821.9
2022-10-19,17355748.0,5570922.3,11784825.7,2769629.7,5210081.7,1823408.6,3181515.0,17775775.1,1544211.3,16231563.8,22776793.0,20650772.4,1759793.4,797801.8
2022-10-26,17373448.1,5563679.7,11809768.5,2775502.4,5221064.7,1824315.8,3220390.4,17807709.4,1545314.3,16262395.2,22841041.6,20720381.2,1774478.5,785863.2
2022-11-02,17381123.3,5543210.7,11837912.6,2782068.9,5233369.6,1825689.2,3150882.0,17735923.5,1556332.0,16179591.5,22792136.9,20653359.5,1801287.8,797655.6
2022-11-09,17388184.1,5535729.2,11852454.8,2792344.0,5239817.4,1826549.6,3149692.4,17748403.4,1573954.7,16174448.6,22804966.7,20680898.9,1813171.2,800399.8
2022-11-16,17413127.1,5540806.9,11872320.2,2793747.8,5250645.8,1826720.2,3220297.2,17754990.5,1592690.8,16162299.7,22910391.9,20775113.9,1842606.8,796928.5
2022-11-23,17423327.1,5530283.1,11893044.0,2798752.0,5261798.1,1832554.2,3208474.2,17770738.9,1606233.5,16164505.5,22972983.3,20845292.4,1857673.1,822945.7
2022-11-30,17432357.2,5535725.6,11896631.6,2788297.9,5273198.7,1837464.2,3144984.3,17698112.6,1615077.9,16083034.7,22857417.3,20706369.4,1839697.7,805225.6
2022-12-07,17530550.9,5549268.3,11981282.5,2801491.4,5332527.2,1837004.4,3164931.6,17784858.6,1645310.5,16139548.0,22934899.5,20754953.7,1863469.0,783801.3
2022-12-14,17526400.0,5532561.0,11993838.9,2806650.4,5341670.2,1839840.8,3169295.5,17770671.2,1654503.5,16116167.7,22957964.7,20767211.5,1892076.1,801415.3
2022-12-21,17502254.6,5508411.3,11993843.3,2795709.2,5356826.1,1840187.9,3134419.0,17768405.2,1668117.1,16100288.1,22920821.0,20728010.9,1890228.0,793675.3
2022-12-28,17498519.4,5510755.9,11987763.5,2796125.7,5362117.4,1839285.5,3119042.3,17739129.8,1670096.4,16069033.4,22895870.0,20695180.6,1922464.4,791300.4
2023-01-04,17516426.5,5505048.1,12011378.5,2805302.3,5360552.1,1843309.1,3199144.1,17775575.7,1700165.0,16075410.6,22989225.1,20777117.9,1937675.3,808333.6
2023-01-11,17530726.1,5515148.2,12015577.9,2810683.1,5358477.7,1845031.0,3145397.3,17687818.8,1700014.9,15987803.9,22925143.7,20751067.5,1899740.5,779032.3
2023-01-18,17555728.3,5514166.7,12041561.6,2813639.9,5372672.7,1850420.1,3226604.8,17731029.3,1715708.1,16015321.2,23061105.6,20868025.9,1908919.9,789903.7
2023-01-25,17566941.1,5504211.1,12062729.9,2821393.1,5380619.2,1848286.3,3115715.3,17734940.9,1735874.5,15999066.3,22969352.0,20801352.0,1921347.5,782952.7
2023-02-01,17595228.6,5513306.2,12081922.3,2816226.6,5389616.9,1849172.5,3194862.0,17724947.4,1738012.7,15986934.7,23084221.7,20887264.8,1953748.3,784119.3
2023-02-08,17588181.6,5505630.1,12082551.5,2810459.8,5393865.2,1849460.8,3143980.5,17683217.7,1756549.7,15926668.0,23011664.6,20803957.0,1934414.6,767962.7
2023-02-15,17594245.5,5493932.2,12100313.3,2806784.2,5407704.0,1852926.3,3182125.5,17700373.3,1775743.9,15924629.5,23049469.9,20829669.8,1957000.4,778949.8
2023-02-22,17577610.3,5483492.5,12094117.8,2803874.4,5418723.7,1854935.2,3102497.9,17670578.5,1790829.3,15879749.3,22990790.5,20780204.1,1967477.3,800224.9
2023-03-01,17561504.5,5454074.8,12107429.7,2806957.6,5425980.8,1855666.4,3069343.5,17662352.3,1811168.8,15851183.5,22921820.1,20725399.0,1980989.8,764193.3
2023-03-08,17540854.4,5440673.1,12100181.3,2800409.6,5429563.7,1861881.4,3003480.7,17576771.8,1836375.8,15740396.0,22857092.7,20654435.4,1961722.4,789724.3
2023-03-15,17579621.1,5421278.9,12158342.2,2823547.5,5442578.9,1864673.1,3331555.1,17438230.1,1818113.8,15620116.3,23196403.0,21062520.4,2488027.3,752103.7
2023-03-22,17456517.7,5354284.1,12102233.6,2789567.3,5411022.0,1868324.8,3301941.1,17310822.7,1831164.9,15479657.9,23059711.3,20949379.4,2508204.4,762227.4
2023-03-29,17325886.6,5231728.1,12094158.5,2779796.3,5411870.2,1870424.2,3390234.6,17242248.5,1840780.0,15401468.5,23041310.9,20872158.8,2441582.5,789126.1
2023-04-05,17351724.7,5262678.7,12089046.0,2773982.4,5414935.6,1871067.0,3325039.4,17260338.1,1839881.4,15420456.7,22952263.5,20778523.4,2410121.9,749408.4
2023-04-12,17316983.7,5236330.3,12080653.5,2768043.3,5418537.4,1871722.7,3286623.6,17209864.9,1852031.4,15357833.6,22859357.4,20692243.9,2434771.8,748540.2
2023-04-19,17332775.6,5243968.4,12088807.2,2766429.3,5426532.6,1876606.4,3317507.3,17255173.9,1878065.7,15377108.2,22932949.1,20758581.3,2412875.0,788533.7
2023-04-26,17356244.5,5251158.5,12105086.0,2765843.0,5433069.4,1882281.8,3308854.4,17209361.7,1873929.3,15335432.5,22925099.9,20729767.3,2429562.9,767557.3
2023-05-03,17339324.4,5240913.5,12098410.9,2764125.0,5438158.8,1877227.7,3317404.8,17230468.2,1879727.8,15350740.4,22930757.7,20689801.8,2435491.5,735671.5
2023-05-10,17338791.6,5228558.4,12110233.2,2768860.2,5440396.0,1877815.2,3299868.4,17212927.3,1876035.9,15336891.4,22927268.3,20624189.9,2393246.1,700958.0
2023-05-17,17312584.5,5199668.5,12112916.0,2765447.6,5450784.4,1882390.0,3330312.3,17231029.5,1892345.1,15338684.4,22936746.0,20649733.4,2410816.5,711598.8
2023-05-24,17309363.6,5193946.7,12115416.9,2762192.4,5456605.3,1881932.1,3309070.4,17287296.2,1915020.8,15372275.4,22934589.8,20668413.2,2394759.0,725861.9
2023-05-31,17308763.9,5187972.4,12120791.5,2760919.1,5459615.3,1883455.6,3267855.6,17327246.2,1933139.1,15394107.1,22921397.2,20668539.3,2344989.6,742128.6
2023-06-07,17255520.1,5169888.7,12085631.4,2752610.7,5437839.8,1885577.6,3253369.9,17257777.1,1934796.0,15322981.1,22803343.7,20659541.1,2354306.2,791589.6
2023-06-14,17270011.8,5172831.9,12097179.9,2759527.0,5439420.8,1886117.6,3260737.1,17272862.1,1953481.0,15319381.0,22831368.1,20697897.1,2347387.1,810345.9
2023-06-21,17273862.2,5166791.1,12107071.0,2756790.5,5445082.3,1886473.1,3250136.1,17304415.9,1969304.9,15335111.0,22823139.8,20680421.3,2327230.6,817602.9
2023-06-28,17258172.1,5168364.0,12089808.1,2744511.8,5447740.7,1886570.4,3308602.1,17294691.1,1979735.1,15314955.9,22844873.8,20713504.2,2347102.8,795863.8
2023-07-05,17241697.5,5149460.1,12092237.4,2746008.7,5443081.7,1880098.1,3298480.7,17345892.8,1991616.5,15354276.2,22861802.1,20703743.2,2266948.9,833616.7
2023-07-12,17256160.8,5151861.3,12104299.5,2752685.9,5444996.7,1881055.2,3219456.7,17280691.4,2013754.7,15266936.6,22779509.3,20597387.1,2262813.4,816056.9
2023-07-19,17273669.1,5153892.7,12119776.4,2753708.6,5452058.2,1885691.3,3301186.2,17312780.9,2030211.3,15282569.6,22870722.7,20669994.1,2287697.5,808656.9
2023-07-26,17266826.9,5138967.5,12127859.4,2756418.8,5451745.6,1885429.7,3242386.4,17305085.8,2041464.5,15263621.3,22802738.9,20616358.6,2243174.5,800344.9
2023-08-02,17258190.6,5110669.9,12147520.7,2753968.9,5473134.4,1884467.9,3278036.2,17326034.4,2050588.3,15275446.1,22824148.8,20651610.0,2230405.3,819146.2
2023-08-09,17249429.4,5098486.5,12150942.9,2750717.0,5473294.5,1887938.0,3224968.8,17334598.4,2066071.9,15268526.4,22764881.2,20599909.8,2213462.7,799070.5
2023-08-16,17256897.4,5085765.4,12171132.0,2759210.1,5482713.3,1888034.5,3251463.2,17292626.4,2080565.4,15212061.0,22812943.9,20651672.8,2226439.4,829167.9
2023-08-23,17277580.6,5092566.0,12185014.6,2758999.0,5490551.7,1890388.7,3206827.5,17337280.1,2087757.1,15249522.9,22785766.1,20638232.7,2242033.0,815285.0
2023-08-30,17269770.7,5078708.8,12191061.9,2761698.1,5494799.2,1896516.3,3311539.4,17275653.2,2097417.0,15178236.1,22848706.5,20702910.8,2297022.6,809366.7
2023-09-06,17262180.3,5063000.8,12199179.5,2760625.2,5495675.6,1893546.1,3332526.3,17300279.8,2103571.3,15196708.5,22894971.1,20751703.1,2289141.7,831750.0
2023-09-13,17270593.5,5065824.9,12204768.5,2759138.6,5498561.8,1894972.4,3374214.0,17295838.1,2127027.4,15168810.7,22911093.2,20758919.5,2314327.6,805201.3
2023-09-20,17285134.8,5074565.9,12210568.9,2756965.5,5500044.3,1897146.0,3327960.4,17343935.5,2145221.3,15198714.2,22889457.5,20736079.1,2306573.1,806517.4
2023-09-27,17270386.3,5056086.6,12214299.7,2762676.9,5497534.5,1899706.2,3377097.8,17343749.9,2143945.4,15199804.4,22954558.9,20787785.2,2354866.3,817368.0
2023-10-04,17267391.0,5023419.1,12243971.9,2774331.6,5505670.0,1900200.0,3404677.4,17346191.3,2179123.8,15167067.5,23004143.8,20829275.5,2406150.2,849275.4
2023-10-11,17284926.8,5026737.4,12258189.5,2779024.6,5503548.8,1901403.5,3421391.8,17358403.9,2184383.9,15174020.0,23010625.7,20804604.0,2375987.2,807172.9
2023-10-18,17262890.9,5009196.0,12253694.8,2773985.3,5510084.8,1902824.1,3400000.2,17281528.1,2194991.4,15086536.7,22976265.1,20777724.2,2374957.0,838575.7
2023-10-25,17283365.0,5007102.9,12276262.1,2771435.7,5511498.2,1904481.3,3406800.7,17333209.8,2198538.1,15134671.7,22982240.8,20771321.8,2357749.2,816217.5
2023-11-01,17274879.6,5016833.7,12258045.9,2771146.7,5514680.3,1899977.3,3457912.5,17374580.8,2207521.2,15167059.6,23058951.6,20869746.4,2360918.7,817099.4
2023-11-08,17279599.2,5026624.4,12252974.8,2760098.4,5515815.8,1905669.6,3462744.8,17331295.2,2219384.0,15111911.2,23013088.1,20806505.4,2338797.5,789196.0
2023-11-15,17269897.2,5013064.6,12256832.6,2759969.3,5520014.0,1904330.3,3532018.8,17370801.8,2226497.3,15144304.5,23078120.7,20889397.4,2347508.5,812865.7
2023-11-22,17283206.0,5008158.5,12275047.5,2775790.7,5523864.9,1908035.3,3478795.4,17377117.4,2225685.6,15151431.8,23046260.1,20846604.6,2343757.4,824355.5
2023-11-29,17296397.3,5013878.4,12282518.9,2774626.7,5526174.6,1914565.8,3501825.1,17316911.3,2226303.3,15090608.1,23111136.3,20906888.8,2380212.4,838598.7
2023-12-06,17320403.8,5039464.4,12280939.4,2769463.9,5523326.4,1908032.5,3513764.8,17363303.3,2232223.2,15131080.1,23139711.9,20928982.8,2364954.2,832198.3
2023-12-13,17335712.5,5061543.8,12274168.8,2768749.6,5525390.7,1908015.6,3531860.8,17368307.3,2233502.8,15134804.6,23166997.0,20959485.4,2383823.5,861429.0
2023-12-20,17360673.8,5091556.2,12269117.6,2761988.2,5534781.4,1896322.4,3506710.6,17418504.3,2250596.4,15167907.9,23198259.8,21004887.3,2411227.0,856703.2
2023-12-27,17375135.6,5110766.2,12264369.4,2761969.6,5536863.4,1896534.7,3551123.2,17436076.1,2239119.2,15196956.9,23317772.9,21122872.3,2422480.2,899897.5
2024-01-03,17388750.7,5120586.9,12268163.8,2761764.1,5543784.7,1900048.6,3600817.1,17453038.2,2274065.3,15178972.9,23312955.0,21117848.7,2448838.8,856338.9
2024-01-10,17415453.0,5128435.7,12287017.3,2761899.7,5545896.9,1903191.6,3512418.7,17403825.1,2271125.2,15132699.9,23195264.6,20988629.6,2424300.2,816028.2
2024-01-17,17421394.7,5127079.6,12294315.0,2761548.0,5554294.2,1906442.7,3603253.1,17460377.1,2280289.7,15180087.3,23314383.5,21087814.5,2432744.6,841827.8
2024-01-24,17438620.7,5142035.9,12296584.9,2759507.4,5558022.3,1905793.0,3576476.0,17425087.0,2282662.5,15142424.6,23321773.4,21075976.1,2445072.6,837729.3
2024-01-31,17453304.6,5120790.7,12332513.9,2767904.2,5565294.8,1908029.6,3593208.4,17525918.9,2295095.4,15230823.5,23316804.6,21053966.8,2372097.5,816815.1
2024-02-07,17426944.4,5107573.3,12319371.1,2767855.3,5561609.6,1908006.3,3642169.1,17480100.3,2287797.3,15192303.0,23378447.9,21120518.4,2434915.3,837489.0
2024-02-14,17462607.3,5123808.4,12338798.8,2769636.3,5570027.7,1911079.5,3622037.0,17508716.5,2297845.1,15210871.4,23389085.8,21124362.7,2449681.9,845303.6
2024-02-21,17455767.3,5120568.6,12335198.7,2763793.8,5575544.1,1909714.5,3604968.9,17462316.4,2298898.3,15163418.1,23349151.6,21084555.9,2420279.9,843852.4
2024-02-28,17488291.1,5132926.2,12355364.9,2768967.1,5581721.6,1917568.1,3596509.5,17493500.1,2310922.8,15182577.3,23364708.9,21101194.2,2383977.7,855948.7
2024-03-06,17509813.5,5173942.1,12335871.4,2753021.4,5580277.1,1915538.9,3592019.1,17522701.0,2306235.2,15216465.8,23358398.7,21094838.0,2396317.4,834613.5
2024-03-13,17577059.1,5235101.6,12341957.5,2750470.5,5586955.0,1916716.5,3470672.9,17547719.4,2311986.8,15235732.6,23308851.1,21122861.8,2417333.8,846007.9
2024-03-20,17575013.4,5232521.7,12342491.6,2748805.1,5589741.5,1914114.6,3409255.2,17562018.2,2312205.6,15249812.6,23267959.0,21114201.5,2373977.9,857211.9
2024-03-27,17593613.8,5244557.6,12349056.2,2749666.5,5589622.8,1912805.8,3412313.1,17585719.1,2302949.4,15282769.6,23283302.0,21126559.0,2383392.0,858552.2
2024-04-03,17561236.8,5220355.6,12340881.2,2744520.5,5589696.3,1910045.4,3395563.6,17527969.4,2304952.8,15223016.5,23255939.6,21091529.6,2428775.8,867698.6
2024-04-10,17521436.4,5182125.6,12339310.7,2739129.8,5592569.5,1907130.4,3457209.2,17541049.7,2311293.5,15229756.1,23274638.8,21105689.1,2432401.9,878129.1
2024-04-17,17513552.8,5172360.3,12341192.4,2737695.0,5597631.1,1909476.6,3398138.1,17444011.9,2301660.4,15142351.6,23213847.2,21034549.6,2416412.9,884443.9
2024-04-24,17524626.7,5166656.1,12357970.6,2743077.2,5600901.2,1907787.2,3419912.6,17555143.4,2294095.5,15261048.0,23226814.3,21038595.6,2375351.2,866126.6
2024-05-01,17530973.9,5152600.4,12378373.6,2754682.6,5599705.0,1908477.4,3418910.7,17561968.4,2311229.0,15250739.5,23249412.1,21063030.0,2402785.8,835623.9
2024-05-08,17550055.0,5164467.5,12385587.5,2758197.9,5601252.0,1910089.6,3403312.7,17548423.9,2324557.3,15223866.6,23253648.9,21044131.2,2354579.4,841406.1
2024-05-15,17590939.0,5197939.7,12392999.3,2754876.5,5603207.2,1910105.6,3444382.4,17584918.8,2320360.5,15264558.3,23339847.6,21128780.6,2347717.5,860011.9
2024-05-22,17566968.6,5183981.8,12382986.8,2750370.7,5598053.2,1912452.0,3422052.5,17576444.4,2325643.2,15250801.2,23303951.7,21109520.2,2324967.9,857212.8
2024-05-29,17563248.9,5177616.9,12385632.0,2755533.7,5596818.7,1916344.4,3414254.3,17547116.3,2330433.1,15216683.2,23296171.8,21105767.6,2354757.6,883434.6
2024-06-05,17609103.3,5212768.6,12396334.7,2755543.2,5597513.0,1915011.4,3424085.9,17583320.2,2330870.7,15252449.5,23305341.6,21102030.6,2344971.4,840042.1
2024-06-12,17614378.8,5210776.6,12403602.1,2758193.7,5597381.3,1915033.2,3381253.5,17576662.4,2324309.3,15252353.1,23275183.7,21074523.4,2369738.7,842976.2
2024-06-19,17661457.1,5245582.3,12415874.8,2759062.5,5600458.1,1917112.8,3393350.2,17617031.3,2319446.6,15297584.7,23314788.2,21095679.6,2315662.2,840586.1
2024-06-26,17673105.3,5248818.2,12424287.1,2769779.6,5593517.0,1915209.2,3345165.4,17583831.6,2325546.5,15258285.0,23336014.5,21127040.2,2354370.0,851497.1
2024-07-03,17679277.1,5254898.3,12424378.8,2766246.5,5598836.4,1914220.1,3404434.4,17542479.7,2319337.8,15223141.9,23406197.1,21166711.8,2393770.0,859564.0
2024-07-10,17689505.2,5262053.6,12427451.6,2756672.0,5602400.0,1914992.2,3360947.4,17565429.9,2307510.3,15257919.6,23363755.0,21095841.8,2337722.2,843904.8
2024-07-17,17704529.1,5270813.3,12433715.8,2754620.1,5605789.0,1916331.4,3364667.6,17574263.7,2309199.9,15265063.9,23386288.9,21101061.0,2298415.2,854477.3
2024-07-24,17720224.7,5273592.3,12446632.4,2753723.3,5607126.9,1917891.2,3338122.8,17588797.7,2318220.3,15270577.4,23374685.4,21098909.9,2301338.1,843219.0
2024-07-31,17739011.8,5279841.8,12459170.1,2757708.9,5609077.2,1918372.2,3270202.2,17660646.4,2326696.2,15333950.1,23391961.4,21116541.7,2296601.1,833970.1
2024-08-07,17747168.8,5289699.9,12457468.9,2762872.3,5607461.7,1920240.5,3356006.8,17616571.3,2333585.5,15282985.9,23405420.8,21123298.0,2303753.6,831070.2
2024-08-14,17786862.8,5321899.2,12464963.6,2760964.2,5612854.6,1920576.5,3324248.7,17634699.9,2324904.1,15309795.8,23432314.7,21149238.2,2317300.0,845513.7
2024-08-21,17796427.4,5318131.6,12478295.8,2766452.2,5613155.3,1921569.0,3343370.7,17653313.6,2342927.7,15310385.9,23450856.2,21166933.0,2296308.1,863343.4
2024-08-28,17781682.4,5310347.1,12471335.2,2767841.3,5607789.3,1920618.7,3282666.6,17655907.2,2353507.2,15302400.1,23420265.4,21138086.1,2344607.4,832782.4
2024-09-04,17805395.7,5327843.0,12477552.7,2772965.9,5606507.9,1923999.2,3264396.8,17708547.7,2356422.3,15352125.4,23399402.8,21100360.8,2302304.1,823365.2
2024-09-11,17826982.7,5343123.1,12483859.5,2772169.9,5609647.8,1924414.2,3332532.3,17696123.3,2371636.2,15324487.1,23462631.4,21148418.0,2320313.7,841343.6
2024-09-18,17839798.9,5341339.7,12498459.2,2779764.3,5612101.7,1924188.0,3321433.1,17741905.8,2355441.1,15386464.7,23504270.9,21188926.5,2296445.5,841222.0
2024-09-25,17863584.7,5360915.7,12502669.0,2784288.6,5611933.1,1923449.8,3273656.4,17733391.6,2370277.3,15363114.3,23492283.3,21168978.7,2250718.9,839120.4
2024-10-02,17890826.7,5381809.4,12509017.4,2783887.7,5608890.7,1924748.2,3240866.1,17779798.7,2364990.0,15414808.7,23466051.3,21127898.7,2209230.3,823882.0
2024-10-09,17905285.6,5394317.5,12510968.1,2777658.8,5611720.5,1925611.1,3253868.8,17747421.7,2379493.6,15367928.2,23465710.7,21127832.1,2239536.4,847005.5
2024-10-16,17923268.7,5389923.0,12533345.7,2788252.6,5614856.9,1926325.6,3324471.9,17811422.8,2367012.8,15444410.0,23583246.9,21225525.6,2261391.9,839573.6
2024-10-23,17935511.2,5394174.7,12541336.5,2788202.9,5619473.2,1929026.6,3342995.1,17808352.2,2369654.8,15438697.4,23647174.9,21304457.1,2299228.6,846052.7
2024-10-30,17944924.0,5388629.3,12556294.7,2801763.7,5615937.3,1924179.8,3355983.3,17856703.1,2385460.4,15471242.7,23661916.0,21316800.2,2251697.0,853156.2
2024-11-06,17928775.6,5383797.5,12544978.1,2794639.8,5617133.7,1921021.3,3323040.8,17850333.3,2365244.6,15485088.7,23624627.5,21301725.8,2226908.1,859588.4
2024-11-13,17951146.4,5390077.6,12561068.8,2800929.8,5621060.5,1920329.4,3225355.9,17845186.6,2370516.4,15474670.2,23607635.9,21279062.2,2224031.3,914217.2
2024-11-20,17936018.6,5377892.2,12558126.4,2784801.1,5616503.5,1922218.8,3269639.0,17813039.1,2364053.2,15448986.0,23544249.6,21215483.3,2243405.5,843465.2
2024-11-27,17961268.4,5389563.9,12571704.4,2796410.1,5615063.6,1918534.2,3267037.3,17894371.6,2373340.1,15521031.4,23591617.4,21259637.7,2186717.2,851650.4
2024-12-04,17959826.6,5382380.2,12577446.4,2799851.6,5616933.7,1921860.2,3230716.0,17857682.5,2357476.6,15500205.8,23572766.8,21235367.1,2190070.9,865061.3
2024-12-11,17977235.3,5377312.7,12599922.6,2804969.5,5617309.6,1925766.0,3216875.1,17866365.1,2361571.9,15504793.3,23619669.7,21290001.2,2200455.2,861533.8
2024-12-18,17966593.5,5365951.5,12600642.0,2791769.7,5621391.8,1925116.6,3236929.8,17834862.3,2349961.9,15484900.4,23633979.8,21309355.9,2204958.5,906820.6
2024-12-25,17974928.0,5364881.5,12610046.4,2796801.4,5617409.7,1931862.2,3233204.1,17879070.5,2375347.0,15503723.4,23632123.3,21311685.4,2195554.7,882598.1
2025-01-01,17970124.7,5369650.3,12600474.3,2662673.4,5617821.4,1813720.7,3053222.7,17815345.8,2356237.3,15459108.5,23436352.8,21113691.1,2077285.8,835103.7
2025-01-08,17985705.2,5375097.3,12610607.9,2671247.8,5616630.8,1813524.2,3319265.8,17910288.7,2351209.6,15559079.1,23752591.5,21424952.5,2185220.2,890433.5
2025-01-15,17982522.6,5368211.4,12614311.2,2664341.5,5621662.5,1812505.7,3321523.6,17917836.6,2357022.8,15560813.7,23728458.1,21416639.4,2201259.3,871311.4
2025-01-22,18019947.2,5375440.9,12644506.3,2672564.4,5627539.9,1815858.7,3371533.1,17988001.0,2339448.0,15648553.0,23803441.3,21472400.0,2186286.9,859127.2
2025-01-29,18003123.9,5362929.4,12640194.5,2669826.8,5626492.2,1821751.3,3314706.7,17931505.4,2338554.1,15592951.3,23743225.4,21398199.4,2151577.1,881147.4
2025-02-05,18020863.3,5378260.8,12642602.5,2669194.1,5628070.4,1819953.6,3289435.6,17941293.5,2343854.6,15597438.8,23744168.0,21389369.8,2145427.6,856665.3
2025-02-12,18029075.1,5372234.0,12656841.1,2668324.7,5635816.5,1818562.6,3277592.7,17931868.4,2353957.6,15577910.7,23732310.7,21375172.3,2158229.7,865114.6
2025-02-19,18065232.9,5378441.1,12686791.8,2679466.8,5637957.2,1820748.3,3302770.7,17982571.3,2347040.2,15635531.1,23808954.5,21438084.4,2154628.1,861069.6
2025-02-26,18092782.2,5401265.4,12691516.7,2670977.6,5642827.0,1822965.9,3369923.4,17972227.7,2345714.5,15626513.2,23900908.3,21527969.2,2190454.4,855511.3
2025-03-05,18118103.6,5410693.2,12707410.4,2675550.5,5639179.7,1820432.3,3331698.0,17982337.1,2341823.7,15640513.3,23923635.9,21524168.2,2181882.3,880049.0
2025-03-12,18125093.1,5405554.0,12719539.1,2675711.5,5643911.8,1822356.4,3332510.4,17996547.5,2356664.7,15639882.9,23898179.4,21536888.9,2188452.2,857469.4
2025-03-19,18162169.7,5431573.4,12730596.3,2674532.5,5644225.0,1825007.2,3316120.7,18034793.8,2364136.4,15670657.4,23937767.8,21621676.9,2189853.9,868750.1
2025-03-26,18180581.5,5443350.8,12737230.7,2681567.2,5642539.5,1826881.2,3337777.2,18048013.2,2355754.4,15692258.8,23971736.6,21638941.8,2218726.4,864880.0
2025-04-02,18193581.7,5460246.2,12733335.5,2649282.7,5639951.2,1813260.7,3287355.8,18079792.0,2360655.2,15719136.8,23992982.7,21657622.6,2187697.3,874546.9
2025-04-09,18236749.8,5475455.4,12761294.4,2652733.8,5643936.9,1816889.2,3281047.0,18053926.5,2347530.8,15706395.7,24064980.0,21721594.0,2180239.8,924145.2
2025-04-16,18304897.8,5504360.8,12800537.1,2664281.8,5646233.2,1819278.4,3291817.5,18080904.9,2338388.7,15742516.2,24124623.3,21782457.9,2207876.2,913599.1
2025-04-23,18319066.4,5508704.9,12810361.5,2662347.3,5651268.6,1820442.8,3319884.3,18087211.6,2328059.6,15759152.0,24166571.3,21817973.2,2248883.7,907302.1
2025-04-30,18365261.2,5534497.4,12830763.8,2663842.3,5655353.9,1821776.7,3161241.3,18102983.9,2336930.3,15766053.6,24024710.6,21669269.2,2144065.3,884613.2
2025-05-07,18358833.0,5533586.6,12825246.4,2662959.7,5655709.0,1825811.5,3256547.5,18110994.4,2357810.9,15753183.5,24080469.5,21716303.8,2215873.4,878810.6
2025-05-14,18370203.6,5529270.5,12840933.1,2672811.9,5657366.3,1826453.2,3250748.9,18131526.9,2368700.1,15762826.8,24145557.7,21788150.9,2222252.9,897797.0
2025-05-21,18383595.8,5524366.5,12859229.3,2676256.4,5659471.9,1827946.8,3286473.1,18147455.7,2368499.4,15778956.3,24159452.0,21786874.0,2234521.7,868332.3
2025-05-28,18399314.0,5537385.8,12861928.2,2679564.8,5660268.9,1826010.5,3285752.8,18156239.6,2363737.1,15792502.5,24159621.2,21788232.4,2241979.9,854294.1
2025-06-04,18406238.3,5538085.5,12868152.8,2676707.5,5666094.8,1828711.9,3289877.3,18163404.2,2384650.7,15778753.4,24208011.9,21818621.4,2241983.9,889310.5
2025-06-11,18441840.4,5556398.7,12885441.7,2677941.4,5669508.1,1830426.3,3325546.9,18205930.6,2383087.7,15822842.9,24282226.4,21895136.1,2245680.5,890193.3
2025-06-18,18462425.3,5558457.0,12903968.4,2686067.2,5669289.3,1830490.2,3304083.9,18168410.7,2390494.4,15777916.4,24278975.3,21895225.5,2246508.7,887345.2
2025-06-25,18473621.9,5555043.2,12918578.7,2691619.2,5667278.6,1831466.5,3378914.4,18248947.3,2386701.9,15862245.4,24417913.9,22016521.9,2267305.2,904776.3
2025-07-02,18517301.3,5569588.3,12947713.0,2661347.8,5665417.0,1816385.3,3303246.2,18272315.2,2396809.0,15875506.2,24358577.8,21968438.6,2295868.0,866716.3
2025-07-09,18537011.9,5578485.8,12958526.1,2664520.4,5668047.7,1820852.9,3337356.6,18241071.7,2391855.2,15849216.5,24408503.2,21958511.1,2312349.1,850746.3
2025-07-16,18554180.6,5582678.5,12971502.1,2663317.7,5672455.5,1821714.4,3390820.8,18265854.4,2394681.0,15871173.4,24472373.5,22020136.6,2336070.6,868216.1
2025-07-23,18583108.5,5595129.5,12987979.0,2669559.5,5674537.9,1822643.4,3391718.4,18295847.8,2400809.1,15895038.7,24533253.7,22069185.2,2329986.1,877426.2
2025-07-30,18600255.5,5598851.8,13001403.7,2675618.1,5675809.6,1828351.6,3378077.4,18289234.7,2407845.6,15881389.1,24528791.9,22085135.5,2334541.4,905744.4
2025-08-06,18623685.8,5609023.7,13014662.1,2681150.8,5672144.5,1825618.6,3295149.8,18301467.2,2397854.6,15903612.5,24468649.4,22033427.9,2324497.8,890888.9
2025-08-13,18650759.2,5620560.3,13030199.0,2679038.8,5677916.7,1827899.2,3278301.7,18336785.9,2403714.6,15933071.3,24497134.8,22071241.5,2314728.6,921910.7
2025-08-20,18648641.2,5608291.4,13040349.8,2679148.6,5681067.9,1829810.7,3259194.9,18328979.6,2402651.5,15926328.1,24456849.7,22027867.5,2308081.3,896507.2
2025-08-27,18714241.4,5650569.0,13063672.4,2683982.3,5682144.2,1829419.6,3230798.6,18357778.2,2396328.1,15961450.1,24519192.9,22092177.9,2267133.4,943257.3
2025-09-03,18699261.1,5629037.9,13070223.3,2691112.8,5680900.3,1829652.5,3183105.2,18372795.4,2400247.5,15972547.9,24468254.5,22045676.1,2240587.1,932122.4
2025-09-10,18724915.4,5644671.1,13080244.3,2687685.9,5683366.6,1833028.4,3105732.0,18387006.9,2397563.0,15989443.9,24456598.5,22006670.9,2238529.9,931602.8
2025-09-17,18735247.7,5641497.0,13093750.7,2692967.7,5686475.3,1837895.3,3115257.0,18377101.4,2392769.1,15984332.3,24442303.5,21995179.1,2205634.5,936378.8
2025-09-24,18758209.8,5651879.5,13106330.3,2694196.5,5690632.8,1838278.3,3149696.5,18414598.0,2412828.4,16001769.6,24504863.7,22061242.7,2246788.8,943976.6
2025-10-01,18782287.5,5646722.5,13135565.0,2699528.4,5687182.1,1838383.7,3120163.1,18496409.9,2403941.9,16092468.0,24523724.2,22078297.1,2229358.8,913008.8
2025-10-08,18790722.8,5648699.9,13142022.8,2695270.1,5691446.9,1843357.2,3099505.5,18442834.4,2415634.6,16027199.8,24523043.9,22044518.4,2214391.3,929238.3
2025-10-15,18825805.0,5657806.9,13167998.0,2694692.7,5699697.6,1843908.5,3059990.8,18504298.6,2407114.7,16097183.9,24529259.0,22042960.8,2189539.0,919906.0
2025-10-22,18850280.2,5668437.2,13181843.0,2695174.4,5705625.8,1844614.9,3050753.3,18496046.1,2412387.0,16083659.0,24518030.7,22028384.3,2163406.7,925631.8
2025-10-29,18839552.8,5660272.7,13179280.1,2693187.5,5707908.7,1846380.8,2946445.6,18454742.8,2405155.6,16049587.3,24437532.0,21949751.5,2156746.7,938579.5
2025-11-05,18867567.7,5666335.9,13201231.8,2696654.4,5706295.8,1848128.0,2942285.8,18436750.6,2415825.1,16020925.6,24423320.5,21935724.5,2161867.6,929809.5
2025-11-12,18896328.9,5665358.0,13230970.9,2700974.1,5712762.4,1851968.8,2958891.1,18524580.8,2410675.4,16113905.4,24466579.8,21979494.3,2154033.0,899859.4
2025-11-19,18922619.5,5676426.1,13246193.4,2700936.6,5720257.5,1854190.4,2951336.0,18476323.0,2424922.9,16051400.1,24495835.7,22005469.3,2125441.6,921722.1
2025-11-26,18937567.1,5665423.0,13272144.1,2710231.0,5724841.8,1851892.7,2938674.4,18554070.7,2430704.4,16123366.4,24547155.2,22054640.3,2141536.9,927454.8
2025-12-03,18910539.6,5639974.6,13270565.0,2709832.0,5726145.1,1854645.0,2926160.3,18525618.9,2433482.6,16092136.3,24508168.7,22029280.5,2147164.2,944684.6
2025-12-10,18927917.3,5626743.6,13301173.7,2705585.5,5735850.8,1859088.8,2955941.2,18564049.8,2438326.2,16125723.6,24568051.4,22078576.1,2148356.5,956768.6
2025-12-17,18943644.8,5630468.3,13313176.4,2710854.1,5737869.9,1861347.7,2956692.4,18580899.2,2447733.8,16133165.4,24588866.6,22111166.5,2153386.1,938213.2
2025-12-24,18968863.1,5635096.9,13333766.2,2719297.2,5736660.1,1862967.5,3012180.8,18643930.9,2456852.4,16187078.5,24675155.9,22192440.3,2155419.0,962793.3
2025-12-31,18963939.2,5630129.6,13333809.6,2710116.7,5733214.8,1861311.8,3038268.0,18587737.5,2454663.5,16133073.9,24683062.2,22215011.4,2197703.8,957622.5
2026-01-07,19021275.6,5651402.2,13369873.4,2720989.4,5738875.7,1867015.7,3040152.3,18645849.0,2441942.8,16203906.2,24690433.6,22180664.2,2187621.8,938389.1
2026-01-14,19069828.1,5674819.6,13395008.5,2728243.7,5744206.9,1867713.4,3029250.0,18649259.9,2447446.8,16201813.2,24753130.2,22236048.5,2202670.6,957233.0
2026-01-21,19129947.9,5693143.6,13436804.3,2744374.8,5751383.7,1869089.5,2996454.1,18651065.6,2451701.3,16199364.3,24763769.1,22244237.1,2203908.6,973249.3
2026-01-28,19144993.2,5703701.9,13441291.3,2745300.4,5753101.5,1867120.3,2991429.1,18683276.9,2458567.6,16224709.3,24835819.0,22321272.5,2234735.2,993217.2
2026-02-04,19184441.5,5699278.9,13485162.6,2772478.5,5753149.9,1868962.5,3023916.2,18756708.6,2461093.4,16295615.1,24855627.4,22346181.1,2264822.7,962111.0
2026-02-11,19240889.3,5721413.9,13519475.4,2779847.8,5760548.0,1871316.0,3003405.1,18797496.6,2458000.0,16339496.6,24904595.7,22365202.3,2221470.4,979140.8
2026-02-18,19265798.0,5726868.0,13538930.0,2786092.8,5764552.8,1874010.5,3028848.6,18825838.0,2459787.8,16366050.2,24993025.3,22455569.4,2259407.8,978827.9
2026-02-25,19269643.5,5722053.2,13547590.3,2786944.0,5762730.6,1873994.5,3006750.8,18845079.0,2467170.2,16377908.8,24978876.3,22439312.8,2253286.8,970552.9
2026-03-04,19309766.5,5734412.8,13575353.6,2812014.4,5763002.3,1875782.8,2987687.7,18862619.8,2465695.3,16396924.5,24986923.6,22435933.3,2232988.0,950066.0
2026-03-11,19343613.0,5747986.6,13595626.4,2816186.0,5760720.3,1879585.6,2986261.1,18903476.1,2468250.4,16435225.7,25046429.1,22512491.9,2219547.2,980152.4
2026-03-18,19355074.1,5748802.8,13606271.3,2820282.3,5762828.6,1884250.9,2959195.2,18923076.2,2474836.3,16448239.9,25040583.8,22562441.0,2257751.9,988464.8
2026-03-25,19382156.2,5746392.0,13635764.2,2822133.2,5769382.1,1888405.7,2986764.5,18986077.1,2486122.1,16499955.0,25128790.4,22641524.5,2228688.7,988505.8
2026-04-01,19422823.0,5732467.3,13690355.7,2845096.2,5769817.2,1883613.1,2995047.8,19061250.0,2487274.5,16573975.5,25200793.3,22724355.4,2233972.6,987007.4
2026-04-08,19449462.9,5741357.1,13708105.8,2851415.8,5771229.6,1888863.7,3032575.7,19041112.4,2488101.7,16553010.7,25218009.2,22719189.2,2234155.9,967033.6
2026-04-15,19466192.4,5745919.5,13720272.9,2855820.3,5776427.3,1886081.9,2981869.4,19086252.1,2489020.3,16597231.8,25239671.4,22754218.1,2230788.5,969917.3
2026-04-22,19456869.1,5726370.5,13730498.7,2860363.1,5778755.1,1885745.1,3038110.5,19075229.5,2528026.3,16547203.2,25249548.9,22774348.6,2244795.9,976528.4
2026-04-29,19462525.9,5720563.9,13741962.0,2871312.1,5778305.8,1890877.4,3101595.0,19115920.8,2549148.2,16566772.6,25396411.7,22925150.9,2294259.7,1014403.9
2026-05-06,19495016.1,5739866.9,13755149.2,2872743.1,5784416.0,1889901.0,3145126.5,19202833.4,2531289.8,16671543.6,25446503.9,22973399.3,2326995.7,1008872.2
2026-05-13,19530762.0,5750993.3,13779768.7,2881358.3,5785550.7,1891493.8,3151925.1,19267754.7,2540692.8,16727062.0,25443754.5,22974174.3,2330227.2,992524.7
2026-05-20,19566415.7,5758247.9,13808167.8,2890549.5,5792131.0,1894689.1,3135650.7,19275008.2,2543726.3,16731281.8,25498452.2,23014492.1,2331847.1,1018807.6
2026-05-27,19587524.9,5768614.3,13818910.5,2898763.5,5790021.9,1896477.0,3079659.7,19320269.6,2537767.5,16782502.1,25498966.7,23020144.3,2279258.2,1008257.3
2026-06-03,19579624.2,5765435.3,13814188.9,2902682.3,5791132.9,1896913.8,3025683.9,19284832.6,2507760.5,16777072.1,25440316.8,22962657.3,2253741.6,1010587.8
2026-06-10,19637334.7,5780640.4,13856694.3,2907185.7,5799210.9,1899778.6,3043414.7,19343178.1,2509606.9,16833571.1,25483044.2,22977370.7,2268579.0,996586.7
2026-06-17,19651460.9,5788895.4,13862565.5,2906018.9,5803046.8,1898871.3,2962235.7,19310566.6,2509455.4,16801111.2,25434016.8,22918601.5,2275588.8,994787.0
2026-06-24,19675200.1,5800442.8,13874757.3,2914392.5,5802817.7,1901602.6,3023780.7,19384036.4,2519333.9,16864702.4,25568972.4,23055256.7,2317122.3,1043144.6
2026-07-01,19644149.0,5782164.5,13861984.5,2892168.8,5800411.0,1903792.0,3186948.9,19434497.4,2522405.9,16912091.5,25628355.8,23150459.0,2338034.3,1013843.4
2026-07-08,19670355.4,5804567.4,13865788.0,2884956.1,5800845.2,1910705.3,3165573.0,19364371.5,2533672.2,16830699.2,25631025.8,23115989.4,2320483.5,1047935.8
2026-07-15,19764036.6,5855813.5,13908223.1,2897586.0,5809199.1,1910215.1,3127074.4,19470064.2,2540784.2,16929280.0,25713621.1,23181626.2,2322184.0,1027108.7
2026-07-22,19739009.3,5835977.8,13903031.5,2894688.4,5814838.2,1910851.7,3135191.6,19405384.6,2539788.9,16865595.6,25685027.1,23159322.1,2320406.8,1021188.5
2026-07-29,19768124.0,5842631.5,13925492.5,2913695.7,5817376.9,1914564.0,3042914.4,19368323.9,2544284.8,16824039.1,25604219.8,23092325.1,2296734.4,1009725.1
2026-08-05,19784280.6,5830068.1,13954212.4,2925248.4,5813843.3,1914448.7,3012462.2,19498034.4,2558230.7,16939803.8,25648920.0,23155807.6,2293245.9,1020537.0
2026-08-12,19794385.6,5813228.4,13981157.2,2933911.1,5822337.1,1916937.3,2950993.2,19534161.3,2558197.8,16975963.5,25593972.1,23107753.1,2247564.0,1023859.6
2026-08-19,19828088.4,5811628.6,14016459.8,2945702.7,5831596.9,1920584.0,2944338.5,19532265.7,2555575.1,16976690.6,25648785.0,23161352.3,2252562.2,1078684.2